‡∏•‡∏≥‡∏î‡∏±‡∏ö,Sub industry,Customer ID,Name,Class,Lat,Long,Google Maps
1,CONSUMER PROD,1016460,"Procter & Gamble International          Operations SA,Singapore Branch          ",KAM,13.577221,100.92551,"<a href=""https://www.google.com/maps?q=13.577221,100.92551""     target=""_blank"">üåê</a>"
2,CONSUMER PROD,1017973,"Procter and Gamble International        Operations SA,Singapore Branch          ",KAM,13.558144,100.93824,"<a href=""https://www.google.com/maps?q=13.558144,100.93824""     target=""_blank"">üåê</a>"
3,CONSUMER PROD,1001962,‡∏ö. ‡∏û‡∏£‡∏≠‡∏Ñ‡πÄ‡∏ï‡∏≠‡∏£‡πå ‡πÅ‡∏≠‡∏ô‡∏î‡πå ‡πÅ‡∏Å‡∏°‡πÄ‡∏ö‡∏¥‡∏• ‡πÅ‡∏°‡∏ô‡∏π‡πÅ‡∏ü‡∏Ñ      ‡πÄ‡∏à‡∏≠‡∏£‡∏¥‡πà‡∏á(‡∏õ‡∏£‡∏∞‡πÄ‡∏ó‡∏®‡πÑ‡∏ó‡∏¢) ‡∏à‡∏Å.                  ,KAM,13.577221,100.92551,"<a href=""https://www.google.com/maps?q=13.577221,100.92551""     target=""_blank"">üåê</a>"
4,PROCESSED FOOD,1030765,‡∏ö‡∏£‡∏¥‡∏©‡∏±‡∏ó ‡∏ö‡∏≠‡∏ô‡πÑ‡∏î ‡∏ü‡∏π‡πâ‡∏î‡∏™‡πå ‡∏à‡∏≥‡∏Å‡∏±‡∏î                                                       ,KAM,13.5613348,100.6505038,"<a href=""https://www.google.com/maps?q=13.5613348,100.6505038""     target=""_blank"">üåê</a>"
5,CONSUMER PROD,1005232,‡∏ö‡∏£‡∏¥‡∏©‡∏±‡∏ó ‡∏û‡∏£‡∏≠‡∏Ñ‡πÄ‡∏ï‡∏≠‡∏£‡πå ‡πÅ‡∏≠‡∏ô‡∏î‡πå ‡πÅ‡∏Å‡∏°‡πÄ‡∏ö‡∏¥‡∏•          ‡πÄ‡∏ó‡∏£‡∏î‡∏î‡∏¥‡πâ‡∏á (‡∏õ‡∏£‡∏∞‡πÄ‡∏ó‡∏®‡πÑ‡∏ó‡∏¢) ‡∏à‡∏≥‡∏Å‡∏±‡∏î              ,KAM,13.577221,100.92551,"<a href=""https://www.google.com/maps?q=13.577221,100.92551""     target=""_blank"">üåê</a>"
6,PETROLEUM&CHEMICALS,1030616,‡∏ö‡∏£‡∏¥‡∏©‡∏±‡∏ó ‡πÄ‡∏ä‡∏ü‡∏£‡∏≠‡∏ô (‡πÑ‡∏ó‡∏¢) ‡∏à‡∏≥‡∏Å‡∏±‡∏î                                                       ,KAM,13.698598,100.547462,"<a href=""https://www.google.com/maps?q=13.698598,100.547462""     target=""_blank"">üåê</a>"
7,CONSUMER PROD,1001761,‡∏ö‡∏£‡∏¥‡∏©‡∏±‡∏ó ‡πÄ‡∏°‡∏¢‡πå‡∏¢‡∏π‡πÄ‡∏° ‡πÅ‡∏°‡∏ô‡∏π‡πÅ‡∏ü‡∏Ñ‡πÄ‡∏à‡∏≠‡∏£‡∏¥‡πà‡∏á          (‡∏õ‡∏£‡∏∞‡πÄ‡∏ó‡∏®‡πÑ‡∏ó‡∏¢) ‡∏à‡∏≥‡∏Å‡∏±‡∏î                       ,KAM,13.577221,100.92551,"<a href=""https://www.google.com/maps?q=13.577221,100.92551""     target=""_blank"">üåê</a>"
8,ELEC APPLIANCE,1002091,‡∏ö‡∏£‡∏¥‡∏©‡∏±‡∏ó‡∏ä‡∏≤‡∏£‡πå‡∏û‡πÅ‡∏≠‡∏û‡∏û‡∏•‡∏≤‡∏¢‡πÅ‡∏≠‡∏ô‡∏ã‡πå(‡∏õ‡∏£‡∏∞‡πÄ‡∏ó‡∏®‡πÑ‡∏ó‡∏¢)      ‡∏à‡∏Å.                                     ,KAM,13.568148,100.931559,"<a href=""https://www.google.com/maps?q=13.568148,100.931559""     target=""_blank"">üåê</a>"
9,ELEC APPLIANCE,1002003,‡∏ö. ‡πÄ‡∏ü‡∏î‡πÄ‡∏î‡∏≠‡∏£‡∏±‡∏•‡∏≠‡∏µ‡πÄ‡∏•‡∏Ñ‡∏ï‡∏£‡∏¥‡∏Ñ ‡∏à‡∏Å.                                                       ,Diamond,13.670788,100.722963,"<a href=""https://www.google.com/maps?q=13.670788,100.722963""     target=""_blank"">üåê</a>"
10,CANNED FOOD,1001975,‡∏ö.‡πÄ‡∏ã‡πâ‡∏≤‡∏ó‡πå‡∏≠‡∏µ‡∏™‡∏ï‡πå‡πÄ‡∏≠‡πÄ‡∏ä‡∏µ‡πà‡∏¢‡∏ô‡πÅ‡∏û‡∏Ñ‡πÄ‡∏Å‡∏à‡∏à‡∏¥‡πà‡∏á         ‡πÅ‡∏≠‡∏ô‡∏î‡πå‡πÅ‡∏Ñ‡∏ô‡∏ô‡∏¥‡πà‡∏á ‡∏à‡∏Å.                        ,Diamond,13.537031,100.654485,"<a href=""https://www.google.com/maps?q=13.537031,100.654485""     target=""_blank"">üåê</a>"
11,CONSUMER PROD,1016976,‡∏ö.‡πÄ‡∏£‡∏Å‡∏Ñ‡∏¥‡∏ó‡∏ó‡πå ‡πÄ‡∏ö‡∏ô‡∏Ñ‡∏µ‡πÄ‡∏ã‡∏≠‡∏£‡πå ‡πÄ‡∏Æ‡∏•‡∏ò‡πå‡πÅ‡∏Ñ‡∏£‡πå         ‡πÅ‡∏°‡∏ô‡∏π‡πÅ‡∏ü‡∏Ñ‡πÄ‡∏à‡∏≠‡∏£‡πå‡∏£‡∏¥‡πà‡∏á(‡∏õ‡∏£‡∏∞‡πÄ‡∏ó‡∏®‡πÑ‡∏ó‡∏¢)‡∏à‡∏Å.          ,Diamond,13.623651,100.706243,"<a href=""https://www.google.com/maps?q=13.623651,100.706243""     target=""_blank"">üåê</a>"
12,ELEC APPLIANCE,1027627,‡∏ö.‡πÄ‡∏ß‡∏™‡πÄ‡∏ó‡∏≠‡∏£‡πå‡∏ô ‡πÅ‡∏≠‡∏û‡πÑ‡∏û‡∏•‡πÅ‡∏≠‡∏ô‡∏ã‡πå ‡∏à‡∏Å.                                                     ,Diamond,13.788762,100.961091,"<a href=""https://www.google.com/maps?q=13.788762,100.961091""     target=""_blank"">üåê</a>"
13,FROZEN FOOD,1001932,‡∏ö.‡πÅ‡∏°‡∏Ñ‡∏Ñ‡∏µ‡∏¢‡πå‡∏ü‡∏π‡πâ‡∏î ‡πÄ‡∏ã‡∏≠‡∏£‡πå‡∏ß‡∏¥‡∏™‡πÄ‡∏ã‡∏™               (‡∏õ‡∏£‡∏∞‡πÄ‡∏ó‡∏®‡πÑ‡∏ó‡∏¢)‡∏à‡∏≥‡∏Å‡∏±‡∏î                        ,Diamond,13.592099,100.77374,"<a href=""https://www.google.com/maps?q=13.592099,100.77374""     target=""_blank"">üåê</a>"
14,ELEC APPLIANCE,1002020,‡∏ö‡∏à.‡∏°‡∏¥‡∏ï‡∏ã‡∏π‡∏ö‡∏¥‡∏ä‡∏¥ ‡πÄ‡∏Æ‡∏ü‡∏ß‡∏µ‡πà ‡∏≠‡∏¥‡∏ô‡∏î‡∏±‡∏™‡∏ï‡∏£‡∏µ‡πà‡∏™‡πå-       ‡∏°‡∏´‡∏≤‡∏à‡∏±‡∏Å‡∏£ ‡πÅ‡∏≠‡∏£‡πå ‡∏Ñ‡∏≠‡∏ô‡∏î‡∏¥‡∏ä‡∏±‡πà‡∏ô‡πÄ‡∏ô‡∏≠‡∏£‡πå‡∏™            ,Diamond,13.775653,100.787717,"<a href=""https://www.google.com/maps?q=13.775653,100.787717""     target=""_blank"">üåê</a>"
15,CONSUMER PROD,1027643,‡∏ö‡∏£‡∏¥‡∏©‡∏±‡∏ó ‡∏ü‡∏π‡∏Ñ‡∏∏‡πÇ‡∏¢‡∏∞ ‡πÄ‡∏ó‡∏Ñ‡πÇ‡∏ô‡∏™ ‡∏à‡∏≥‡∏Å‡∏±‡∏î                                                     ,Diamond,13.102491,101.061478,"<a href=""https://www.google.com/maps?q=13.102491,101.061478""     target=""_blank"">üåê</a>"
16,PROCESSED FOOD,1002636,‡∏ö‡∏£‡∏¥‡∏©‡∏±‡∏ó ‡∏•‡πà‡∏≥‡∏™‡∏π‡∏á  (‡∏õ‡∏£‡∏∞‡πÄ‡∏ó‡∏®‡πÑ‡∏ó‡∏¢) ‡∏à‡∏≥‡∏Å‡∏±‡∏î        (‡∏°‡∏´‡∏≤‡∏ä‡∏ô)                                 ,Diamond,13.534214,100.656605,"<a href=""https://www.google.com/maps?q=13.534214,100.656605""     target=""_blank"">üåê</a>"
17,CANNED FOOD,1006848,‡∏ö‡∏£‡∏¥‡∏©‡∏±‡∏ó ‡πÄ‡∏ã‡πâ‡∏≤‡∏ó‡πå‡∏≠‡∏µ‡∏™‡∏ï‡πå‡πÄ‡∏≠‡πÄ‡∏ä‡∏µ‡πà‡∏¢‡∏ô‡πÅ‡∏û‡∏Ñ‡πÄ‡∏Å‡∏à‡∏à‡∏¥‡πà     ‡∏á‡πÅ‡∏≠‡∏ô‡∏î‡πå‡πÅ‡∏Ñ‡∏ô‡∏ô‡∏¥‡πà‡∏á ‡∏à‡∏≥‡∏Å‡∏±‡∏î                     ,Diamond,13.580716,100.286916,"<a href=""https://www.google.com/maps?q=13.580716,100.286916""     target=""_blank"">üåê</a>"
18,MEDICAL&HEALTHCARE,1020662,‡∏ö‡∏£‡∏¥‡∏©‡∏±‡∏ó ‡πÅ‡∏ö‡πá‡∏Å‡∏ã‡πå‡πÄ‡∏ï‡∏≠‡∏£‡πå ‡πÄ‡∏°‡∏ô‡∏π‡πÅ‡∏ü‡∏Ñ‡πÄ‡∏à‡∏≠‡∏£‡∏¥‡πà‡∏á       (‡∏õ‡∏£‡∏∞‡πÄ‡∏ó‡∏®‡πÑ‡∏ó‡∏¢) ‡∏à‡∏≥‡∏Å‡∏±‡∏î                       ,Diamond,12.9432847,101.0988532,"<a href=""https://www.google.com/maps?q=12.9432847,101.0988532""     target=""_blank"">üåê</a>"
19,FROZEN FOOD,1002134,‡∏ö‡∏£‡∏¥‡∏©‡∏±‡∏ó ‡πÑ‡∏ó‡∏™‡∏±‡∏ô ‡πÇ‡∏û‡∏•‡∏ó‡∏£‡∏µ‡πà                    (‡πÑ‡∏ó‡∏¢‡πÅ‡∏•‡∏ô‡∏î‡πå) ‡∏à‡∏≥‡∏Å‡∏±‡∏î                        ,Diamond,14.089464,101.017451,"<a href=""https://www.google.com/maps?q=14.089464,101.017451""     target=""_blank"">üåê</a>"
20,FROZEN FOOD,1006750,‡∏ö‡∏£‡∏¥‡∏©‡∏±‡∏ó ‡πÑ‡∏ó‡∏™‡∏±‡∏ô ‡πÇ‡∏û‡∏•‡∏ó‡∏£‡∏µ‡πà                    (‡πÑ‡∏ó‡∏¢‡πÅ‡∏•‡∏ô‡∏î‡πå) ‡∏à‡∏≥‡∏Å‡∏±‡∏î                        ,Diamond,13.338726,101.066659,"<a href=""https://www.google.com/maps?q=13.338726,101.066659""     target=""_blank"">üåê</a>"
21,FROZEN FOOD,1002133,‡∏ö‡∏£‡∏¥‡∏©‡∏±‡∏ó ‡πÑ‡∏ó‡∏™‡∏±‡∏ô ‡πÇ‡∏û‡∏•‡∏ó‡∏£‡∏µ‡πà                    (‡πÑ‡∏ó‡∏¢‡πÅ‡∏•‡∏ô‡∏î‡πå) ‡∏à‡∏≥‡∏Å‡∏±‡∏î                        ,Diamond,13.963298,100.73785,"<a href=""https://www.google.com/maps?q=13.963298,100.73785""     target=""_blank"">üåê</a>"
22,CONSUMER PROD,1021178,‡∏ö. 3 ‡πÄ‡∏≠‡πá‡∏° ‡∏≠‡∏¥‡∏ô‡πÇ‡∏ô‡πÄ‡∏ß‡∏ä‡∏±‡πà‡∏ô (‡πÑ‡∏ó‡∏¢‡πÅ‡∏•‡∏ô‡∏î‡πå)        ‡∏à‡∏Å.                                     ,Titanium,13.741168,100.561629,"<a href=""https://www.google.com/maps?q=13.741168,100.561629""     target=""_blank"">üåê</a>"
23,COMP & ELECTRONIC,1025237,‡∏ö.‡∏û‡∏≤‡∏ô‡∏≤‡πÇ‡∏ã‡∏ô‡∏¥‡∏Ñ ‡∏≠‡∏≠‡πÇ‡∏ï‡πâ‡πÇ‡∏°‡∏ó‡∏µ‡∏ü                  ‡∏ã‡∏¥‡∏™‡πÄ‡∏ï‡πá‡∏°‡∏™‡πå ‡πÄ‡∏≠‡πÄ‡∏ä‡∏µ‡∏¢ ‡πÅ‡∏õ‡∏ã‡∏¥‡∏ü‡∏¥‡∏Ñ ‡∏à‡∏Å.            ,Titanium,13.566458,100.824342,"<a href=""https://www.google.com/maps?q=13.566458,100.824342""     target=""_blank"">üåê</a>"
24,FROZEN FOOD,1002075,‡∏ö.‡∏ü‡∏≤‡∏£‡πå‡∏°‡∏Å‡∏£‡∏∏‡∏á‡πÑ‡∏ó‡∏¢ ‡∏à‡∏Å.                                                              ,Titanium,13.66692712,100.4696905,"<a href=""https://www.google.com/maps?q=13.66692712,100.4696905""     target=""_blank"">üåê</a>"
25,FROZEN FOOD,1011494,‡∏ö‡∏£‡∏¥‡∏©‡∏±‡∏ó ‡∏à‡∏µ‡∏û‡∏µ ‡∏ö‡∏£‡∏µ‡∏î‡∏î‡∏¥‡πâ‡∏á ‡∏à‡∏≥‡∏Å‡∏±‡∏î                                                      ,Titanium,13.657834,100.46726,"<a href=""https://www.google.com/maps?q=13.657834,100.46726""     target=""_blank"">üåê</a>"
26,FROZEN FOOD,1005064,‡∏ö‡∏£‡∏¥‡∏©‡∏±‡∏ó ‡∏à‡∏µ‡πÄ‡∏≠‡∏ü‡∏û‡∏µ‡∏ó‡∏µ ‡∏à‡∏≥‡∏Å‡∏±‡∏î (‡∏°‡∏´‡∏≤‡∏ä‡∏ô)                                                  ,Titanium,13.592127,100.773709,"<a href=""https://www.google.com/maps?q=13.592127,100.773709""     target=""_blank"">üåê</a>"
27,AUTOMOTIVE PARTS,1002098,‡∏ö‡∏£‡∏¥‡∏©‡∏±‡∏ó ‡∏û‡∏≤‡∏ô‡∏≤‡πÇ‡∏ã‡∏ô‡∏¥‡∏Ñ ‡πÄ‡∏≠‡πÄ‡∏ô‡∏≠‡∏£‡πå‡∏à‡∏µ              (‡∏õ‡∏£‡∏∞‡πÄ‡∏ó‡∏®‡πÑ‡∏ó‡∏¢) ‡∏à‡∏≥‡∏Å‡∏±‡∏î                       ,Titanium,13.635631,100.592241,"<a href=""https://www.google.com/maps?q=13.635631,100.592241""     target=""_blank"">üåê</a>"
28,DAIRY PRODUCT,1001897,‡∏ö‡∏£‡∏¥‡∏©‡∏±‡∏ó ‡∏ü‡∏£‡∏µ‡∏™‡πÅ‡∏•‡∏ô‡∏î‡πå‡∏Ñ‡∏±‡∏°‡∏û‡∏¥‡∏ô‡πà‡∏≤                (‡∏õ‡∏£‡∏∞‡πÄ‡∏ó‡∏®‡πÑ‡∏ó‡∏¢) ‡∏à‡∏≥‡∏Å‡∏±‡∏î (‡∏°‡∏´‡∏≤‡∏ä‡∏ô)               ,Titanium,13.6394042,100.5760916,"<a href=""https://www.google.com/maps?q=13.6394042,100.5760916""     target=""_blank"">üåê</a>"
29,CANNED FOOD,1001978,‡∏ö‡∏£‡∏¥‡∏©‡∏±‡∏ó ‡∏≠‡∏≤‡∏£‡πå ‡πÄ‡∏≠‡∏™ ‡πÅ‡∏Ñ‡∏ô‡πÄ‡∏ô‡∏≠‡∏£‡∏µ‡πà ‡∏à‡∏≥‡∏Å‡∏±‡∏î                                                 ,Titanium,13.542213,100.649338,"<a href=""https://www.google.com/maps?q=13.542213,100.649338""     target=""_blank"">üåê</a>"
30,DAIRY PRODUCT,1001585,‡∏ö‡∏£‡∏¥‡∏©‡∏±‡∏ó ‡πÄ‡∏ô‡∏™‡∏ó‡πå‡πÄ‡∏•‡πà (‡πÑ‡∏ó‡∏¢) ‡∏à‡∏≥‡∏Å‡∏±‡∏î                                                     ,Titanium,14.114686,100.590789,"<a href=""https://www.google.com/maps?q=14.114686,100.590789""     target=""_blank"">üåê</a>"
31,CONSUMER PROD,1004715,"Beiersdorf (Thailand) Co., Ltd.                                                 ",Platinum,13.578567,100.799012,"<a href=""https://www.google.com/maps?q=13.578567,100.799012""     target=""_blank"">üåê</a>"
32,CONSTRUCT MAT,1006815,TOA PAINT (THAILAND) PUBLIC COMPANY     LIMITED                                 ,Platinum,13.596778,100.801963,"<a href=""https://www.google.com/maps?q=13.596778,100.801963""     target=""_blank"">üåê</a>"
33,CONSTRUCT MAT,1006813,TOA PAINT (THAILAND) PUBLIC COMPANY     LIMITED                                 ,Platinum,13.636008,100.584818,"<a href=""https://www.google.com/maps?q=13.636008,100.584818""     target=""_blank"">üåê</a>"
34,PACKAGING,1002086,‡∏ö. ‡πÑ‡∏ó‡∏¢‡∏Å‡∏£‡∏¥‡πä‡∏û‡πÄ‡∏ó‡∏Ñ ‡∏à‡∏Å.                                                              ,Platinum,13.659823,100.42641,"<a href=""https://www.google.com/maps?q=13.659823,100.42641""     target=""_blank"">üåê</a>"
35,CANNED FOOD,1001924,‡∏ö. ‡πÑ‡∏ó‡∏¢‡∏ô‡∏¥‡∏™‡∏ä‡∏¥‡∏ô ‡πÄ‡∏ã‡∏ü‡∏∏‡∏á ‡∏à‡∏Å.                                                          ,Platinum,13.539027,100.656381,"<a href=""https://www.google.com/maps?q=13.539027,100.656381""     target=""_blank"">üåê</a>"
36,PROCESSED FOOD,1001938,‡∏ö.‡∏Ñ‡∏≤‡∏•‡∏ö‡∏µ‡πâ‡∏ò‡∏ô‡∏≤‡∏ß‡∏±‡∏ò‡∏ô‡πå ‡∏à‡∏Å.                                                            ,Platinum,13.535825,100.658433,"<a href=""https://www.google.com/maps?q=13.535825,100.658433""     target=""_blank"">üåê</a>"
37,PROCESSED FOOD,1032060,‡∏ö.‡πÄ‡∏û‡∏≠‡∏£‡πå‡πÄ‡∏ü‡∏Ñ ‡∏Ñ‡∏≠‡∏°‡∏û‡∏≤‡πÄ‡∏ô‡∏µ‡∏¢‡∏ô ‡∏Å‡∏£‡∏∏‡πä‡∏õ ‡∏à‡∏Å.                                                 ,Platinum,13.566459,100.782568,"<a href=""https://www.google.com/maps?q=13.566459,100.782568""     target=""_blank"">üåê</a>"
38,PROCESSED FOOD,1002137,‡∏ö.‡πÄ‡∏û‡∏≠‡∏£‡πå‡πÄ‡∏ü‡∏Ñ ‡∏Ñ‡∏≠‡∏°‡∏û‡∏≤‡πÄ‡∏ô‡∏µ‡∏¢‡∏ô ‡∏Å‡∏£‡∏∏‡πä‡∏õ ‡∏à‡∏≥‡∏Å‡∏±‡∏î                                               ,Platinum,13.566454,100.782577,"<a href=""https://www.google.com/maps?q=13.566454,100.782577""     target=""_blank"">üåê</a>"
39,DAIRY PRODUCT,1019075,‡∏ö.‡πÅ‡∏°‡∏£‡∏µ‡πà ‡πÅ‡∏≠‡∏ô ‡πÅ‡∏î‡∏£‡∏µ‡πà ‡πÇ‡∏õ‡∏£‡∏î‡∏±‡∏Å‡∏™‡πå ‡∏à‡∏Å.                                                  ,Platinum,14.762591,101.452203,"<a href=""https://www.google.com/maps?q=14.762591,101.452203""     target=""_blank"">üåê</a>"
40,PETROLEUM&CHEMICALS,1001912,‡∏ö‡∏£‡∏¥‡∏©‡∏±‡∏ó ‡∏û‡∏µ.‡πÄ‡∏≠‡∏™.‡∏û‡∏µ.‡∏™‡πÄ‡∏õ‡πÄ‡∏ä‡∏µ‡∏¢‡∏•‡∏ï‡∏µ‡πâ‡∏™‡πå          ‡∏à‡∏≥‡∏Å‡∏±‡∏î(‡∏°‡∏´‡∏≤‡∏ä‡∏ô)                            ,Platinum,13.773825,100.48068,"<a href=""https://www.google.com/maps?q=13.773825,100.48068""     target=""_blank"">üåê</a>"
41,FROZEN FOOD,1001928,‡∏ö‡∏£‡∏¥‡∏©‡∏±‡∏ó ‡∏™‡∏∏‡∏£‡∏û‡∏•‡∏ô‡∏¥‡∏ä‡∏¥‡πÄ‡∏£‡∏ü‡∏π‡πâ‡∏î‡∏™‡πå ‡∏à‡∏≥‡∏Å‡∏±‡∏î                                                  ,Platinum,13.607844,100.685956,"<a href=""https://www.google.com/maps?q=13.607844,100.685956""     target=""_blank"">üåê</a>"
42,CONSUMER PROD,1009755,‡∏ö‡∏£‡∏¥‡∏©‡∏±‡∏ó ‡∏™‡πÅ‡∏ï‡∏ô‡∏î‡∏≤‡∏£‡πå‡∏î ‡πÅ‡∏°‡∏ô‡∏π‡πÅ‡∏ü‡∏Ñ‡πÄ‡∏à‡∏≠‡∏£‡∏¥‡πà‡∏á ‡∏à‡∏Å                                              ,Platinum,13.557642,100.65644,"<a href=""https://www.google.com/maps?q=13.557642,100.65644""     target=""_blank"">üåê</a>"
43,BEVERAGE,1007132,‡∏ö‡∏£‡∏¥‡∏©‡∏±‡∏ó ‡πÄ‡∏Æ‡∏•‡∏ã‡πå ‡πÄ‡∏ó‡∏£‡∏î‡∏î‡∏¥‡πâ‡∏á (‡∏õ‡∏£‡∏∞‡πÄ‡∏ó‡∏®‡πÑ‡∏ó‡∏¢)       ‡∏à‡∏≥‡∏Å‡∏±‡∏î                                   ,Platinum,13.832914,100.6246065,"<a href=""https://www.google.com/maps?q=13.832914,100.6246065""     target=""_blank"">üåê</a>"
44,CONSUMER PROD,1007022,‡∏ö‡∏£‡∏¥‡∏©‡∏±‡∏ó ‡πÑ‡∏ã‡πÄ‡∏ö‡∏≠‡∏£‡πå‡πÅ‡∏û‡∏Ñ ‡∏à‡∏≥‡∏Å‡∏±‡∏î                                                         ,Platinum,13.588346,100.943686,"<a href=""https://www.google.com/maps?q=13.588346,100.943686""     target=""_blank"">üåê</a>"
45,CAN VEGET & FRUIT,1001925,‡∏ö‡∏£‡∏¥‡∏©‡∏±‡∏ó ‡πÑ‡∏ó‡∏¢ ‡∏≠‡∏Å‡∏£‡∏¥ ‡∏ü‡∏π‡πâ‡∏î‡∏™‡πå ‡∏à‡∏≥‡∏Å‡∏±‡∏î(‡∏°‡∏´‡∏≤‡∏ä‡∏ô)                                             ,Platinum,13.591114,100.777328,"<a href=""https://www.google.com/maps?q=13.591114,100.777328""     target=""_blank"">üåê</a>"
46,CONSUMER PROD,1018385,‡∏ö‡∏£‡∏¥‡∏©‡∏±‡∏ó ‡πÑ‡∏ó‡∏¢ ‡∏Æ‡∏≤‡πÇ‡∏ã ‡∏à‡∏≥‡∏Å‡∏±‡∏î                                                           ,Platinum,13.566213,100.771692,"<a href=""https://www.google.com/maps?q=13.566213,100.771692""     target=""_blank"">üåê</a>"
47,FROZEN FOOD,1031737,‡∏ö‡∏£‡∏¥‡∏©‡∏±‡∏ó ‡πÑ‡∏ó‡∏¢‡πÄ‡∏î‡∏•‡∏°‡∏≤‡∏£‡πå ‡∏à‡∏≥‡∏Å‡∏±‡∏î                                                         ,Platinum,13.5544386,100.5948489,"<a href=""https://www.google.com/maps?q=13.5544386,100.5948489""     target=""_blank"">üåê</a>"
48,PROCESSED FOOD,1001936,‡∏ö‡∏£‡∏¥‡∏©‡∏±‡∏ó ‡πÑ‡∏ó‡∏¢‡πÄ‡∏ó‡∏û‡∏£‡∏™ ‡∏à‡∏≥‡∏Å‡∏±‡∏î (‡∏°‡∏´‡∏≤‡∏ä‡∏ô)                                                   ,Platinum,13.567206,100.591773,"<a href=""https://www.google.com/maps?q=13.567206,100.591773""     target=""_blank"">üåê</a>"
49,CAN VEGET & FRUIT,1018344,‡∏ö‡∏£‡∏¥‡∏©‡∏±‡∏ó ‡πÑ‡∏ó‡∏¢‡πÅ‡∏ó‡∏ô ‡∏ü‡∏π‡πâ‡∏î‡∏™‡πå                    ‡∏≠‡∏¥‡∏ô‡πÄ‡∏ï‡∏≠‡∏£‡πå‡πÄ‡∏ô‡∏ä‡∏±‡πà‡∏ô‡πÅ‡∏ô‡∏• ‡∏à‡∏≥‡∏Å‡∏±‡∏î                 ,Platinum,13.689787,100.522099,"<a href=""https://www.google.com/maps?q=13.689787,100.522099""     target=""_blank"">üåê</a>"
50,PETROLEUM&CHEMICALS,1001948,‡∏ö‡∏£‡∏¥‡∏©‡∏±‡∏ó ‡πÑ‡∏ö‡πÄ‡∏≠‡∏≠‡∏£‡πå‡πÑ‡∏ó‡∏¢ ‡∏à‡∏≥‡∏Å‡∏±‡∏î                                                         ,Platinum,13.5395146,100.6493008,"<a href=""https://www.google.com/maps?q=13.5395146,100.6493008""     target=""_blank"">üåê</a>"
51,PROCESSED FOOD,1006100,‡∏ö‡∏£‡∏¥‡∏©‡∏±‡∏ó ‡πÑ‡∏û‡πÇ‡∏£‡∏à‡∏ô‡πå (‡∏ó‡∏±‡πà‡∏á‡∏ã‡∏±‡∏á‡∏Æ‡∏∞) ‡∏à‡∏≥‡∏Å‡∏±‡∏î                                                ,Platinum,13.5164733,100.676502,"<a href=""https://www.google.com/maps?q=13.5164733,100.676502""     target=""_blank"">üåê</a>"
52,CONSUMER PROD,1002039,‡∏ö‡∏£‡∏¥‡∏©‡∏±‡∏ó ‡πÑ‡∏°‡∏•‡∏≠‡∏ó‡∏ó‡πå ‡πÅ‡∏•‡∏ö‡∏ö‡∏≠‡∏£‡∏≤‡∏ó‡∏≠‡∏£‡∏µ‡∏™‡πå ‡∏à‡∏≥‡∏Å‡∏±‡∏î                                              ,Platinum,13.592482,100.724406,"<a href=""https://www.google.com/maps?q=13.592482,100.724406""     target=""_blank"">üåê</a>"
53,DAIRY PRODUCT,1008856,‡∏™‡∏´‡∏Å‡∏£‡∏ì‡πå‡πÇ‡∏Ñ‡∏ô‡∏°‡∏ß‡∏±‡∏á‡∏ô‡πâ‡∏≥‡πÄ‡∏¢‡πá‡∏ô ‡∏à‡∏≥‡∏Å‡∏±‡∏î                                                      ,Platinum,13.435709,102.20139,"<a href=""https://www.google.com/maps?q=13.435709,102.20139""     target=""_blank"">üåê</a>"
54,COMP & ELECTRONIC,1002014,‡∏ö.‡∏ä‡πÑ‡∏ô‡πÄ‡∏î‡∏≠‡∏£‡πå (‡πÑ‡∏ó‡∏¢‡πÅ‡∏•‡∏ô‡∏î‡πå)‡∏à‡∏Å.                                                        ,Gold,13.547363,100.664361,"<a href=""https://www.google.com/maps?q=13.547363,100.664361""     target=""_blank"">üåê</a>"
55,CONSUMER PROD,1002028,‡∏ö.‡∏£‡∏π‡πÄ‡∏ö‡∏µ‡∏¢‡∏≠‡∏∏‡∏ï‡∏™‡∏≤‡∏´‡∏Å‡∏£‡∏£‡∏° ‡∏à‡∏Å.                                                          ,Gold,13.650703,100.542384,"<a href=""https://www.google.com/maps?q=13.650703,100.542384""     target=""_blank"">üåê</a>"
56,CONSUMER PROD,1002048,‡∏ö.‡∏≠‡∏¥‡∏ô‡πÄ‡∏ï‡∏≠‡∏£‡πå‡πÄ‡∏ô‡∏ä‡∏±‡πà‡∏ô‡πÅ‡∏ô‡∏• ‡πÅ‡∏•‡∏ö‡∏ö‡∏≠‡∏£‡∏≤‡∏ó‡∏≠‡∏£‡∏µ‡∏™‡πå       ‡∏à‡∏Å.                                     ,Gold,13.638969,100.773806,"<a href=""https://www.google.com/maps?q=13.638969,100.773806""     target=""_blank"">üåê</a>"
57,AUTOMOTIVE PARTS,1027883,‡∏ö‡∏à‡∏Å.‡πÄ‡∏≠‡πá‡∏ô‡∏à‡∏µ‡πÄ‡∏Ñ ‡πÄ‡∏ã‡∏£‡∏≤‡∏°‡∏¥‡∏Ñ‡∏™‡πå (‡∏õ‡∏£‡∏∞‡πÄ‡∏ó‡∏®‡πÑ‡∏ó‡∏¢)                                              ,Gold,13.665367,100.902095,"<a href=""https://www.google.com/maps?q=13.665367,100.902095""     target=""_blank"">üåê</a>"
58,ELEC APPLIANCE,1002004,‡∏ö‡∏£‡∏¥‡∏©‡∏±‡∏ó ‡∏Å‡∏±‡∏ô‡∏¢‡∏á‡∏≠‡∏µ‡πÄ‡∏•‡∏Ñ‡∏ó‡∏£‡∏¥‡∏Å ‡∏à‡∏≥‡∏Å‡∏±‡∏î(‡∏°‡∏´‡∏≤‡∏ä‡∏ô)                                              ,Gold,13.602305,100.777741,"<a href=""https://www.google.com/maps?q=13.602305,100.777741""     target=""_blank"">üåê</a>"
59,DAIRY PRODUCT,1002721,‡∏ö‡∏£‡∏¥‡∏©‡∏±‡∏ó ‡∏î‡∏≤‡∏ô‡∏≠‡∏ô ‡∏™‡πÄ‡∏õ‡πÄ‡∏ä‡∏µ‡∏¢‡∏•‡πÑ‡∏•‡∏ã‡πå ‡∏ô‡∏¥‡∏ß‡∏ó‡∏£‡∏¥‡∏ä‡∏±‡πà‡∏ô    (‡∏õ‡∏£‡∏∞‡πÄ‡∏ó‡∏®‡πÑ‡∏ó‡∏¢) ‡∏à‡∏≥‡∏Å‡∏±‡∏î                       ,Gold,13.559858,100.790332,"<a href=""https://www.google.com/maps?q=13.559858,100.790332""     target=""_blank"">üåê</a>"
60,CONSTRUCT MAT,1001712,‡∏ö‡∏£‡∏¥‡∏©‡∏±‡∏ó ‡∏ó‡∏µ‡πÇ‡∏≠‡πÄ‡∏≠ ‡πÄ‡∏û‡∏≠‡∏ü‡∏≠‡∏£‡πå‡∏°‡∏°‡∏≤‡∏ô‡∏ã‡πå             ‡πÇ‡∏Ñ‡πä‡∏ó‡∏ï‡∏¥‡πâ‡∏á ‡∏Ñ‡∏≠‡∏£‡πå‡∏õ‡∏≠‡πÄ‡∏£‡∏ä‡∏±‡πà‡∏ô ‡∏à‡∏≥‡∏Å‡∏±‡∏î             ,Gold,13.596524,100.801875,"<a href=""https://www.google.com/maps?q=13.596524,100.801875""     target=""_blank"">üåê</a>"
61,PROCESSED FOOD,1020485,‡∏ö‡∏£‡∏¥‡∏©‡∏±‡∏ó ‡∏ô‡∏π‡∏ó‡∏£‡∏¥‡∏Å‡∏ã‡πå ‡∏à‡∏≥‡∏Å‡∏±‡∏î (‡∏°‡∏´‡∏≤‡∏ä‡∏ô)                                                   ,Gold,13.804975,100.704575,"<a href=""https://www.google.com/maps?q=13.804975,100.704575""     target=""_blank"">üåê</a>"
62,PROCESSED FOOD,1008524,‡∏ö‡∏£‡∏¥‡∏©‡∏±‡∏ó ‡∏ô‡πâ‡∏≥‡∏°‡∏±‡∏ô‡∏ö‡∏£‡∏¥‡πÇ‡∏†‡∏Ñ‡πÑ‡∏ó‡∏¢ ‡∏à‡∏≥‡∏Å‡∏±‡∏î                                                    ,Gold,13.6850544,100.4913508,"<a href=""https://www.google.com/maps?q=13.6850544,100.4913508""     target=""_blank"">üåê</a>"
63,MEDICAL&HEALTHCARE,1002031,‡∏ö‡∏£‡∏¥‡∏©‡∏±‡∏ó ‡∏°‡∏≠‡∏•‡∏•‡∏¥‡πÄ‡∏Å‡πâ ‡πÄ‡∏Æ‡∏•‡∏ó‡πå ‡πÅ‡∏Ñ‡∏£‡πå              (‡∏õ‡∏£‡∏∞‡πÄ‡∏ó‡∏®‡πÑ‡∏ó‡∏¢) ‡∏à‡∏≥‡∏Å‡∏±‡∏î                       ,Gold,13.576199,100.798293,"<a href=""https://www.google.com/maps?q=13.576199,100.798293""     target=""_blank"">üåê</a>"
64,ELEC APPLIANCE,1001965,‡∏ö‡∏£‡∏¥‡∏©‡∏±‡∏ó ‡∏°‡∏¥‡∏ï‡∏ã‡∏π‡∏ö‡∏¥‡∏ä‡∏¥ ‡∏≠‡∏µ‡πÄ‡∏•‡πá‡∏Ñ‡∏ó‡∏£‡∏¥‡∏Ñ             ‡∏≠‡∏≠‡πÇ‡∏ï‡πÄ‡∏°‡∏ä‡∏±‡πà‡∏ô (‡∏õ‡∏£‡∏∞‡πÄ‡∏ó‡∏®‡πÑ‡∏ó‡∏¢) ‡∏à‡∏≥‡∏Å‡∏±‡∏î            ,Gold,13.796091,100.700887,"<a href=""https://www.google.com/maps?q=13.796091,100.700887""     target=""_blank"">üåê</a>"
65,PROCESSED FOOD,1001900,‡∏ö‡∏£‡∏¥‡∏©‡∏±‡∏ó ‡∏ß‡∏¥‡∏ô‡πÅ‡∏ä‡∏ô‡∏ã‡πå ‡∏ü‡∏π‡πâ‡∏î‡∏™‡πå ‡∏à‡∏≥‡∏Å‡∏±‡∏î                                                    ,Gold,13.572747,100.795115,"<a href=""https://www.google.com/maps?q=13.572747,100.795115""     target=""_blank"">üåê</a>"
66,AUTOMOTIVE PARTS,1033754,‡∏ö‡∏£‡∏¥‡∏©‡∏±‡∏ó ‡∏™‡∏´‡πÑ‡∏ó‡∏¢‡πÄ‡∏õ‡∏•‡∏∑‡∏≠‡∏Å‡∏´‡∏°‡πâ‡∏≠‡∏û‡∏•‡∏≤‡∏™‡∏ï‡∏¥‡∏Å ‡∏à‡∏≥‡∏Å‡∏±‡∏î                                             ,Gold,13.654625,100.689229,"<a href=""https://www.google.com/maps?q=13.654625,100.689229""     target=""_blank"">üåê</a>"
67,PROCESSED FOOD,1001899,‡∏ö‡∏£‡∏¥‡∏©‡∏±‡∏ó ‡∏™‡∏¥‡∏á‡∏´‡πå ‡∏Ñ‡∏≤‡πÄ‡∏°‡∏î‡∏∞ (‡∏õ‡∏£‡∏∞‡πÄ‡∏ó‡∏®‡πÑ‡∏ó‡∏¢)         ‡∏à‡∏≥‡∏Å‡∏±‡∏î                                   ,Gold,13.615861,100.769111,"<a href=""https://www.google.com/maps?q=13.615861,100.769111""     target=""_blank"">üåê</a>"
68,PACKAGING,1013471,‡∏ö‡∏£‡∏¥‡∏©‡∏±‡∏ó ‡∏≠‡∏∏‡∏ï‡∏™‡∏≤‡∏´‡∏Å‡∏£‡∏£‡∏°‡∏ó‡∏≥‡πÄ‡∏Ñ‡∏£‡∏∑‡πà‡∏≠‡∏á‡πÅ‡∏Å‡πâ‡∏ß‡πÑ‡∏ó‡∏¢       ‡∏à‡∏≥‡∏Å‡∏±‡∏î (‡∏°‡∏´‡∏≤‡∏ä‡∏ô) (‡∏ö‡∏≤‡∏á‡∏û‡∏•‡∏µ)                  ,Gold,13.6633096,100.7918288,"<a href=""https://www.google.com/maps?q=13.6633096,100.7918288""     target=""_blank"">üåê</a>"
69,DAIRY PRODUCT,1004769,‡∏ö‡∏£‡∏¥‡∏©‡∏±‡∏ó ‡πÄ‡∏≠‡∏ö‡∏¥‡πÇ‡∏Å‡πâ ‡πÅ‡∏î‡∏£‡∏µ‡πà ‡∏ü‡∏≤‡∏£‡πå‡∏° ‡∏à‡∏≥‡∏Å‡∏±‡∏î                                                ,Gold,13.9540538,100.6268166,"<a href=""https://www.google.com/maps?q=13.9540538,100.6268166""     target=""_blank"">üåê</a>"
70,PETROLEUM&CHEMICALS,1025758,‡∏ö‡∏£‡∏¥‡∏©‡∏±‡∏ó ‡πÅ‡∏ô‡πá‡∏õ ‡∏ô‡∏¥‡∏ß‡∏ï‡∏£‡∏¥‡∏ã‡∏≤‡∏¢‡∏™‡πå                 (‡∏õ‡∏£‡∏∞‡πÄ‡∏ó‡∏®‡πÑ‡∏ó‡∏¢) ‡∏à‡∏≥‡∏Å‡∏±‡∏î                       ,Gold,13.546068,100.664392,"<a href=""https://www.google.com/maps?q=13.546068,100.664392""     target=""_blank"">üåê</a>"
71,PACKAGING,1021278,‡∏ö‡∏£‡∏¥‡∏©‡∏±‡∏ó ‡πÑ‡∏ó‡∏¢ ‡∏°‡∏≤‡∏•‡∏≤‡∏¢‡∏≤ ‡∏Å‡∏•‡∏≤‡∏™ ‡∏à‡∏≥‡∏Å‡∏±‡∏î                                                    ,Gold,14.381865,100.83556,"<a href=""https://www.google.com/maps?q=14.381865,100.83556""     target=""_blank"">üåê</a>"
72,PACKAGING,1010823,‡∏ö‡∏£‡∏¥‡∏©‡∏±‡∏ó ‡πÑ‡∏ó‡∏¢ ‡∏°‡∏≤‡∏•‡∏≤‡∏¢‡∏≤ ‡∏Å‡∏•‡∏≤‡∏™ ‡∏à‡∏≥‡∏Å‡∏±‡∏î                                                    ,Gold,14.381876,100.8354716,"<a href=""https://www.google.com/maps?q=14.381876,100.8354716""     target=""_blank"">üåê</a>"
73,PROCESSED FOOD,1009375,‡∏ö‡∏£‡∏¥‡∏©‡∏±‡∏ó ‡πÑ‡∏£‡πà‡∏ò‡∏±‡∏ç‡∏ç‡∏∞ ‡∏à‡∏≥‡∏Å‡∏±‡∏î                                                           ,Gold,13.842689,100.375366,"<a href=""https://www.google.com/maps?q=13.842689,100.375366""     target=""_blank"">üåê</a>"
74,PROCESSED FOOD,1011533,‡∏ö‡∏£‡∏¥‡∏©‡∏±‡∏ó ‡πÑ‡∏Æ ‡∏Ñ‡∏¥‡∏ß ‡∏ú‡∏•‡∏¥‡∏ï‡∏†‡∏±‡∏ì‡∏ë‡πå‡∏≠‡∏≤‡∏´‡∏≤‡∏£            ‡∏à‡∏≥‡∏Å‡∏±‡∏î                                   ,Gold,13.74736,100.953962,"<a href=""https://www.google.com/maps?q=13.74736,100.953962""     target=""_blank"">üåê</a>"
75,CANNED FOOD,1010440,‡∏ö‡∏£‡∏¥‡∏©‡∏±‡∏ó ‡πÑ‡∏Æ ‡∏Ñ‡∏¥‡∏ß ‡∏ú‡∏•‡∏¥‡∏ï‡∏†‡∏±‡∏ì‡∏ë‡πå‡∏≠‡∏≤‡∏´‡∏≤‡∏£ ‡∏à‡∏≥‡∏Å‡∏±‡∏î                                              ,Gold,13.577221,100.92551,"<a href=""https://www.google.com/maps?q=13.577221,100.92551""     target=""_blank"">üåê</a>"
76,AUTOMOTIVE PARTS,1002644,‡∏ö‡∏£‡∏¥‡∏©‡∏±‡∏ó‡∏™‡∏´‡πÑ‡∏ó‡∏¢‡∏≠‡∏∏‡∏ï‡∏™‡∏≤‡∏´‡∏Å‡∏£‡∏£‡∏°‡πÅ‡∏ú‡πà‡∏ô‡∏Å‡∏±‡πâ‡∏ô ‡∏à‡∏≥‡∏Å‡∏±‡∏î                                             ,Gold,13.55334,100.661009,"<a href=""https://www.google.com/maps?q=13.55334,100.661009""     target=""_blank"">üåê</a>"
77,MEDICAL&HEALTHCARE,1001955,‡∏≠‡∏á‡∏Ñ‡πå‡∏Å‡∏≤‡∏£‡πÄ‡∏†‡∏™‡∏±‡∏ä‡∏Å‡∏£‡∏£‡∏°                                                                ,Gold,13.7668463,100.5261858,"<a href=""https://www.google.com/maps?q=13.7668463,100.5261858""     target=""_blank"">üåê</a>"
78,BEVERAGE,1015973,‡∏ö‡∏£‡∏¥‡∏©‡∏±‡∏ó ‡∏ö‡∏µ‡πÅ‡∏≠‡∏ô‡∏î‡πå‡∏ö‡∏µ ‡∏™‡∏ï‡∏£‡∏≠‡∏ß‡πå‡πÅ‡∏û‡∏Ñ ‡∏à‡∏≥‡∏Å‡∏±‡∏î                                                ,Silver,13.581656,100.800954,"<a href=""https://www.google.com/maps?q=13.581656,100.800954""     target=""_blank"">üåê</a>"
79,CONSUMER PROD,1002040,‡∏ö. ‡∏Å‡∏£‡∏µ‡∏ô‡∏™‡∏ß‡∏¥‡∏•‡∏•‡πå ‡∏à‡∏Å.                                                               ,Bronze,13.784416,100.955519,"<a href=""https://www.google.com/maps?q=13.784416,100.955519""     target=""_blank"">üåê</a>"
80,PETROLEUM&CHEMICALS,1001589,‡∏ö‡∏£‡∏¥‡∏©‡∏±‡∏ó ‡πÄ‡∏ä‡∏•‡∏•‡πå‡πÅ‡∏´‡πà‡∏á‡∏õ‡∏£‡∏∞‡πÄ‡∏ó‡∏®‡πÑ‡∏ó‡∏¢ ‡∏à‡∏≥‡∏Å‡∏±‡∏î                                                 ,Bronze,13.7124241,100.5568705,"<a href=""https://www.google.com/maps?q=13.7124241,100.5568705""     target=""_blank"">üåê</a>"
81,CONSUMER PROD,1002036,‡∏ö‡∏£‡∏¥‡∏©‡∏±‡∏ó ‡πÑ‡∏≠.‡∏û‡∏µ.‡∏ß‡∏±‡∏ô ‡∏à‡∏≥‡∏Å‡∏±‡∏î                                                          ,Bronze,13.545084,100.656221,"<a href=""https://www.google.com/maps?q=13.545084,100.656221""     target=""_blank"">üåê</a>"
82,COMP & ELECTRONIC,1028281,DHL Supply Chain                        (Thailand) Ltd (Head office)            ,Zinc,13.579408,100.799153,"<a href=""https://www.google.com/maps?q=13.579408,100.799153""     target=""_blank"">üåê</a>"
83,CONSUMER PROD,1002052,‡∏ö. ‡∏ö‡∏≤‡∏á‡∏û‡∏•‡∏µ ‡∏Ñ‡∏≠‡∏ï‡∏ï‡∏≠‡∏ô ‡∏≠‡∏¥‡∏ô‡∏î‡∏±‡∏™‡∏ï‡∏£‡∏µ ‡∏à‡∏Å.                                                  ,Zinc,13.712134,100.740192,"<a href=""https://www.google.com/maps?q=13.712134,100.740192""     target=""_blank"">üåê</a>"
84,PETROLEUM&CHEMICALS,1005745,‡∏ö. ‡∏≠‡∏¥‡∏Ñ‡∏≤‡∏£‡∏¥ ‡πÄ‡∏ó‡∏£‡∏î‡∏î‡∏¥‡πâ‡∏á (‡∏õ‡∏£‡∏∞‡πÄ‡∏ó‡∏®‡πÑ‡∏ó‡∏¢) ‡∏à‡∏Å.                                              ,Zinc,13.677424,100.542469,"<a href=""https://www.google.com/maps?q=13.677424,100.542469""     target=""_blank"">üåê</a>"
85,MEDICAL&HEALTHCARE,1016395,‡∏ö. ‡πÄ‡∏ö‡∏≠‡∏£‡πå‡πÅ‡∏ó‡∏£‡∏° (1958) ‡∏à‡∏Å.                                                         ,Zinc,13.785649,100.602548,"<a href=""https://www.google.com/maps?q=13.785649,100.602548""     target=""_blank"">üåê</a>"
86,BEVERAGE,1030471,‡∏ö. ‡πÄ‡∏≠‡∏™‡πÄ‡∏õ‡∏£‡∏™‡πÇ‡∏ã‡πà ‡πÄ‡∏û‡∏≠‡∏£‡πå‡πÄ‡∏ü‡∏Å‡∏ï‡πå ‡∏à‡∏Å.                                                    ,Zinc,13.565615,100.769089,"<a href=""https://www.google.com/maps?q=13.565615,100.769089""     target=""_blank"">üåê</a>"
87,CONSUMER PROD,1027326,‡∏ö.‡∏Ñ‡∏≠‡∏ô‡πÄ‡∏ô‡πá‡∏ï ‡∏≠‡∏¥‡∏ô‡πÄ‡∏ï‡∏≠‡∏£‡πå‡πÄ‡∏ô‡∏ä‡∏±‡πà‡∏ô‡πÅ‡∏ô‡∏• ‡∏à‡∏Å.                                                 ,Zinc,13.739675,100.571054,"<a href=""https://www.google.com/maps?q=13.739675,100.571054""     target=""_blank"">üåê</a>"
88,PROCESSED FOOD,1004186,‡∏ö.‡∏á‡πà‡∏ß‡∏ô‡πÄ‡∏ä‡∏µ‡∏¢‡∏á‡∏≠‡∏∏‡∏ï‡∏™‡∏≤‡∏´‡∏Å‡∏£‡∏£‡∏°‡∏≠‡∏≤‡∏´‡∏≤‡∏£ ‡∏à‡∏Å.                                                  ,Zinc,13.643821,100.521321,"<a href=""https://www.google.com/maps?q=13.643821,100.521321""     target=""_blank"">üåê</a>"
89,PETROLEUM&CHEMICALS,1002117,‡∏ö.‡∏ã‡∏±‡∏ô‡∏™‡∏ï‡∏≤‡∏£‡πå ‡πÄ‡∏Ñ‡∏°‡∏µ‡∏Ñ‡∏±‡∏•(‡∏õ‡∏£‡∏∞‡πÄ‡∏ó‡∏®‡πÑ‡∏ó‡∏¢) ‡∏à‡∏Å.                                               ,Zinc,13.516856,100.709607,"<a href=""https://www.google.com/maps?q=13.516856,100.709607""     target=""_blank"">üåê</a>"
90,PETROLEUM&CHEMICALS,1001908,‡∏ö.‡∏ö‡∏µ‡∏û‡∏µ-‡∏Ñ‡∏≤‡∏™‡∏ï‡∏£‡∏≠‡∏•(‡∏õ‡∏£‡∏∞‡πÄ‡∏ó‡∏®‡πÑ‡∏ó‡∏¢) ‡∏à‡∏Å.                                                   ,Zinc,13.7011005,100.540849,"<a href=""https://www.google.com/maps?q=13.7011005,100.540849""     target=""_blank"">üåê</a>"
91,DAIRY PRODUCT,1017344,‡∏ö.‡∏ü‡∏≠‡∏ô‡πÄ‡∏ó‡∏µ‡∏¢‡∏£‡πà‡∏≤ ‡πÅ‡∏ö‡∏£‡∏ô‡∏î‡πå‡∏™ (‡∏õ‡∏£‡∏∞‡πÄ‡∏ó‡∏®‡πÑ‡∏ó‡∏¢)‡∏à‡∏Å.                                             ,Zinc,13.714777,100.586405,"<a href=""https://www.google.com/maps?q=13.714777,100.586405""     target=""_blank"">üåê</a>"
92,MEDICAL&HEALTHCARE,1005263,‡∏ö.‡∏¢‡∏π‡∏ô‡∏µ‡∏ã‡∏±‡∏ô ‡∏à‡∏≥‡∏Å‡∏±‡∏î                                                                 ,Zinc,13.7401365,100.9415024,"<a href=""https://www.google.com/maps?q=13.7401365,100.9415024""     target=""_blank"">üåê</a>"
93,BEVERAGE,1015904,‡∏ö.‡πÄ‡∏Ñ.‡∏ß‡∏µ.‡πÄ‡∏≠‡πá‡∏ô.‡∏≠‡∏¥‡∏°‡∏õ‡∏≠‡∏£‡πå‡∏ï‡πÄ‡∏≠‡∏Å‡∏ã‡πå‡∏õ‡∏≠‡∏£‡πå‡∏ï         (1991) ‡∏à‡∏Å.                              ,Zinc,13.8011481,100.5885709,"<a href=""https://www.google.com/maps?q=13.8011481,100.5885709""     target=""_blank"">üåê</a>"
94,PETROLEUM&CHEMICALS,1028768,‡∏ö.‡πÄ‡∏ä‡∏µ‡∏¢‡∏á‡πÑ‡∏ó‡∏¢ ‡πÄ‡∏ó‡∏£‡∏î‡∏î‡∏¥‡πâ‡∏á ‡∏à‡∏Å.                                                         ,Zinc,13.695144,100.679308,"<a href=""https://www.google.com/maps?q=13.695144,100.679308""     target=""_blank"">üåê</a>"
95,PACKAGING,1002145,‡∏ö.‡πÄ‡∏´‡∏£‡∏µ‡∏¢‡∏ç‡πÑ‡∏ó‡∏¢ ‡∏≠‡∏¥‡∏ô‡πÄ‡∏ï‡∏≠‡∏£‡πå‡∏û‡∏•‡∏≤‡∏™ ‡∏à‡∏Å.                                                    ,Zinc,13.599226,100.72207,"<a href=""https://www.google.com/maps?q=13.599226,100.72207""     target=""_blank"">üåê</a>"
96,CONSUMER PROD,1006989,‡∏ö.‡πÄ‡∏≠‡∏™.‡∏ã‡∏µ.‡∏¢‡∏≠‡∏´‡πå‡∏ô‡∏™‡∏±‡∏ô ‡πÅ‡∏≠‡∏ô‡∏î‡πå ‡∏ã‡∏±‡∏ô             ‡∏à‡∏≥‡∏Å‡∏±‡∏î                                   ,Zinc,13.7316295,100.5696444,"<a href=""https://www.google.com/maps?q=13.7316295,100.5696444""     target=""_blank"">üåê</a>"
97,PROCESSED FOOD,1016394,‡∏ö.‡πÄ‡∏≠‡πá‡∏Å‡∏ã‡πå‡πÄ‡∏ï‡∏≠‡∏£‡πå (‡∏õ‡∏£‡∏∞‡πÄ‡∏ó‡∏®‡πÑ‡∏ó‡∏¢) ‡∏à‡∏Å.                                                   ,Zinc,13.567637,100.591287,"<a href=""https://www.google.com/maps?q=13.567637,100.591287""     target=""_blank"">üåê</a>"
98,DAIRY PRODUCT,1022267,‡∏ö.‡πÅ‡∏õ‡∏ã‡∏¥‡∏ü‡∏¥‡∏Ñ ‡πÄ‡∏Æ‡∏•‡∏ò‡πå‡πÅ‡∏Ñ‡∏£‡πå (‡πÑ‡∏ó‡∏¢‡πÅ‡∏•‡∏ô‡∏î‡πå)‡∏à‡∏Å.                                               ,Zinc,13.71936,100.532035,"<a href=""https://www.google.com/maps?q=13.71936,100.532035""     target=""_blank"">üåê</a>"
99,COMP & ELECTRONIC,1031856,‡∏ö.‡πÅ‡∏≠‡∏î‡∏ß‡∏≤‡∏ô‡∏ã‡πå ‡πÑ‡∏ß‡∏£‡πå‡πÄ‡∏•‡∏™ ‡πÄ‡∏ô‡πá‡∏ó‡πÄ‡∏ß‡∏≠‡∏£‡πå‡∏Ñ ‡∏à‡∏Å.                                               ,Zinc,13.78339983,100.5465076,"<a href=""https://www.google.com/maps?q=13.78339983,100.5465076""     target=""_blank"">üåê</a>"
100,DAIRY PRODUCT,1020209,‡∏ö.‡πÅ‡∏≠‡∏•‡πÄ‡∏≠‡∏ü ‡πÇ‡∏•‡∏à‡∏¥‡∏™‡∏ï‡∏¥‡∏Å‡∏™‡πå (‡∏õ‡∏£‡∏∞‡πÄ‡∏ó‡∏®‡πÑ‡∏ó‡∏¢) ‡∏à‡∏Å.                                             ,Zinc,14.211314,100.583238,"<a href=""https://www.google.com/maps?q=14.211314,100.583238""     target=""_blank"">üåê</a>"
101,AUTOMOTIVE PARTS,1005718,‡∏ö.‡πÇ‡∏Å‡πÄ‡∏ö‡∏•‡πÇ‡∏Å‡πâ ‡∏°‡∏¥‡∏Å ‡πÑ‡∏ß‡∏£‡πå (‡∏õ‡∏£‡∏∞‡πÄ‡∏ó‡∏®‡πÑ‡∏ó‡∏¢) ‡∏à‡∏Å.                                             ,Zinc,13.532239,100.653798,"<a href=""https://www.google.com/maps?q=13.532239,100.653798""     target=""_blank"">üåê</a>"
102,CONSUMER PROD,1002120,‡∏ö.‡πÇ‡∏Ñ‡∏Ñ‡∏π‡πÇ‡∏¢-‡πÑ‡∏≠‡πÄ‡∏Ñ(‡∏õ‡∏£‡∏∞‡πÄ‡∏ó‡∏®‡πÑ‡∏ó‡∏¢)‡∏à‡∏Å.                                                     ,Zinc,13.548883,100.658154,"<a href=""https://www.google.com/maps?q=13.548883,100.658154""     target=""_blank"">üåê</a>"
103,SHOES,1030444,‡∏ö.‡πÇ‡∏≠‡πÄ‡∏£‡∏µ‡∏¢‡∏ô‡∏ï‡∏±‡∏• ‡∏™‡∏õ‡∏≠‡∏£‡πå‡∏ï ‡∏≠‡∏¥‡∏ô‡∏î‡∏±‡∏™‡πÄ‡∏ï‡∏£‡∏µ‡∏¢‡∏•        ‡∏à‡∏Å.                                     ,Zinc,13.565809,100.687149,"<a href=""https://www.google.com/maps?q=13.565809,100.687149""     target=""_blank"">üåê</a>"
104,PACKAGING,1010665,‡∏ö‡∏à‡∏Å. ‡πÄ‡∏≠‡πá‡∏°‡∏ã‡∏µ‡∏ã‡∏µ ‡∏•‡∏≤‡πÄ‡∏ö‡∏•‡∏™‡πå ‡∏Å‡∏£‡∏∏‡∏á‡πÄ‡∏ó‡∏û                                                   ,Zinc,13.440041,101.015923,"<a href=""https://www.google.com/maps?q=13.440041,101.015923""     target=""_blank"">üåê</a>"
105,CONSUMER PROD,1002037,‡∏ö‡∏£‡∏¥‡∏©‡∏±‡∏ó  ‡∏°‡∏≤‡∏¢‡∏Å‡∏µ‡πâ ‡∏à‡∏≥‡∏Å‡∏±‡∏î                                                            ,Zinc,13.688797,100.626779,"<a href=""https://www.google.com/maps?q=13.688797,100.626779""     target=""_blank"">üåê</a>"
106,CONSUMER PROD,1017613,‡∏ö‡∏£‡∏¥‡∏©‡∏±‡∏ó 1577 ‡πÇ‡∏Æ‡∏°‡∏ä‡∏≠‡∏õ‡∏õ‡∏¥‡πâ‡∏á ‡∏à‡∏≥‡∏Å‡∏±‡∏î                                                    ,Zinc,13.763199,100.651557,"<a href=""https://www.google.com/maps?q=13.763199,100.651557""     target=""_blank"">üåê</a>"
107,CONSUMER PROD,1004593,‡∏ö‡∏£‡∏¥‡∏©‡∏±‡∏ó ‡∏Ñ‡∏≠‡∏™‡πÇ‡∏°‡∏≠‡∏¥‡∏ô‡∏î‡∏±‡∏™‡∏ï‡∏£‡∏µ‡∏™‡πå ‡∏à‡∏≥‡∏Å‡∏±‡∏î                                                   ,Zinc,13.697446,100.606634,"<a href=""https://www.google.com/maps?q=13.697446,100.606634""     target=""_blank"">üåê</a>"
108,PACKAGING,1014245,‡∏ö‡∏£‡∏¥‡∏©‡∏±‡∏ó ‡∏ã‡∏∏‡∏õ‡πÄ‡∏õ‡∏≠‡∏£‡πå‡∏Å‡∏£‡∏¥‡πä‡∏û ‡∏à‡∏≥‡∏Å‡∏±‡∏î                                                      ,Zinc,13.334153,99.830392,"<a href=""https://www.google.com/maps?q=13.334153,99.830392""     target=""_blank"">üåê</a>"
109,PETROLEUM&CHEMICALS,1014429,‡∏ö‡∏£‡∏¥‡∏©‡∏±‡∏ó ‡∏ó‡∏£‡∏µ ‡∏ö‡∏≠‡∏ô‡∏î‡πå ‡∏ß‡∏µ‡πÑ‡∏≠‡∏ß‡∏µ ‡πÄ‡∏ã‡∏•‡∏™‡πå           (‡∏õ‡∏£‡∏∞‡πÄ‡∏ó‡∏®‡πÑ‡∏ó‡∏¢) ‡∏à‡∏≥‡∏Å‡∏±‡∏î                       ,Zinc,13.7166147,100.584037,"<a href=""https://www.google.com/maps?q=13.7166147,100.584037""     target=""_blank"">üåê</a>"
110,COMP & ELECTRONIC,1032683,‡∏ö‡∏£‡∏¥‡∏©‡∏±‡∏ó ‡∏ó‡∏£‡∏π ‡πÄ‡∏•‡πÄ‡∏ã‡∏≠‡∏£‡πå ‡∏≠‡∏≠‡∏ü‡∏ü‡∏¥‡∏® ‡∏à‡∏≥‡∏Å‡∏±‡∏î                                                 ,Zinc,13.56049613,100.6138365,"<a href=""https://www.google.com/maps?q=13.56049613,100.6138365""     target=""_blank"">üåê</a>"
111,MEDICAL&HEALTHCARE,1037038,‡∏ö‡∏£‡∏¥‡∏©‡∏±‡∏ó ‡∏ó‡∏µ.‡πÅ‡∏°‡∏ô ‡∏ü‡∏≤‡∏£‡πå‡∏°‡∏≤ ‡∏à‡∏≥‡∏Å‡∏±‡∏î                                                      ,Zinc,13.66184456,100.4258606,"<a href=""https://www.google.com/maps?q=13.66184456,100.4258606""     target=""_blank"">üåê</a>"
112,PROCESSED FOOD,1034655,‡∏ö‡∏£‡∏¥‡∏©‡∏±‡∏ó ‡∏ò‡∏ô‡πÄ‡∏™‡∏£‡∏¥‡∏°‡∏≠‡∏∏‡∏ï‡∏™‡∏≤‡∏´‡∏Å‡∏£‡∏£‡∏°‡∏ù‡∏≤‡∏Ç‡∏ß‡∏î ‡∏à‡∏≥‡∏Å‡∏±‡∏î                                             ,Zinc,13.713695,100.738914,"<a href=""https://www.google.com/maps?q=13.713695,100.738914""     target=""_blank"">üåê</a>"
113,CONSTRUCT MAT,1031774,‡∏ö‡∏£‡∏¥‡∏©‡∏±‡∏ó ‡∏ô‡∏¥‡∏ã‡∏π‡∏Å‡∏¥ ‡πÄ‡∏°‡∏î‡∏¥‡∏Ñ‡∏≠‡∏• ‡∏à‡∏≥‡∏Å‡∏±‡∏î                                                     ,Zinc,13.55382,100.827527,"<a href=""https://www.google.com/maps?q=13.55382,100.827527""     target=""_blank"">üåê</a>"
114,CONSTRUCT MAT,1009220,‡∏ö‡∏£‡∏¥‡∏©‡∏±‡∏ó ‡∏ô‡∏¥‡∏ã‡∏π‡∏Å‡∏¥(‡∏õ‡∏£‡∏∞‡πÄ‡∏ó‡∏®‡πÑ‡∏ó‡∏¢) ‡∏à‡∏≥‡∏Å‡∏±‡∏î                                                  ,Zinc,13.6325545,100.6276755,"<a href=""https://www.google.com/maps?q=13.6325545,100.6276755""     target=""_blank"">üåê</a>"
115,CONSUMER PROD,1034300,‡∏ö‡∏£‡∏¥‡∏©‡∏±‡∏ó ‡∏ö‡∏π‡πä‡∏ó‡∏™‡πå ‡∏£‡∏µ‡πÄ‡∏ó‡∏•(‡∏õ‡∏£‡∏∞‡πÄ‡∏ó‡∏®‡πÑ‡∏ó‡∏¢)‡∏à‡∏≥‡∏Å‡∏±‡∏î                                             ,Zinc,13.70191869,100.6095926,"<a href=""https://www.google.com/maps?q=13.70191869,100.6095926""     target=""_blank"">üåê</a>"
116,CONSUMER PROD,1033500,‡∏ö‡∏£‡∏¥‡∏©‡∏±‡∏ó ‡∏°‡∏¥‡∏•‡∏•‡∏¥‡πÄ‡∏°‡∏î ‡∏à‡∏≥‡∏Å‡∏±‡∏î                                                           ,Zinc,13.610304,100.548413,"<a href=""https://www.google.com/maps?q=13.610304,100.548413""     target=""_blank"">üåê</a>"
117,CONSUMER PROD,1017058,‡∏ö‡∏£‡∏¥‡∏©‡∏±‡∏ó ‡∏¢‡∏π‡πÄ‡∏ô‡∏µ‡πà‡∏¢‡∏ô‡πÇ‡∏ä‡∏à‡∏¥‡∏£‡∏∏‡∏ä‡∏¥ ‡∏à‡∏≥‡∏Å‡∏±‡∏î                                                   ,Zinc,13.569755,100.937792,"<a href=""https://www.google.com/maps?q=13.569755,100.937792""     target=""_blank"">üåê</a>"
118,COMP & ELECTRONIC,1021125,‡∏ö‡∏£‡∏¥‡∏©‡∏±‡∏ó ‡∏¢‡∏π‡πÄ‡∏≠‡πá‡∏°‡∏ã‡∏µ ‡∏≠‡∏¥‡πÄ‡∏•‡πá‡∏Ñ‡∏ó‡∏£‡∏≠‡∏ô‡∏¥‡∏Å‡∏™‡πå          (‡∏õ‡∏£‡∏∞‡πÄ‡∏ó‡∏®‡πÑ‡∏ó‡∏¢) ‡∏à‡∏≥‡∏Å‡∏±‡∏î                       ,Zinc,13.565794,100.989462,"<a href=""https://www.google.com/maps?q=13.565794,100.989462""     target=""_blank"">üåê</a>"
119,ELEC APPLIANCE,1016691,‡∏ö‡∏£‡∏¥‡∏©‡∏±‡∏ó ‡∏£‡∏¥‡∏ô‡πÑ‡∏ô(‡∏õ‡∏£‡∏∞‡πÄ‡∏ó‡∏®‡πÑ‡∏ó‡∏¢) ‡∏à‡∏≥‡∏Å‡∏±‡∏î                                                   ,Zinc,13.583055,100.728281,"<a href=""https://www.google.com/maps?q=13.583055,100.728281""     target=""_blank"">üåê</a>"
120,CONSTRUCT MAT,1001513,‡∏ö‡∏£‡∏¥‡∏©‡∏±‡∏ó ‡∏•‡∏ß‡∏î‡πÄ‡∏ä‡∏∑‡πà‡∏≠‡∏°‡πÑ‡∏ó‡∏¢‡∏Æ‡∏±‡∏ô‡∏ã‡πà‡∏≤ ‡∏à‡∏≥‡∏Å‡∏±‡∏î                                                 ,Zinc,13.517396,100.670341,"<a href=""https://www.google.com/maps?q=13.517396,100.670341""     target=""_blank"">üåê</a>"
121,ELEC APPLIANCE,1012100,‡∏ö‡∏£‡∏¥‡∏©‡∏±‡∏ó ‡∏•‡∏±‡∏Ñ‡∏Å‡∏µ‡πâ‡πÄ‡∏ü‡∏•‡∏° ‡∏à‡∏≥‡∏Å‡∏±‡∏î                                                         ,Zinc,13.650694,100.714067,"<a href=""https://www.google.com/maps?q=13.650694,100.714067""     target=""_blank"">üåê</a>"
122,SPORTSWEAR & APPAREL,1006183,‡∏ö‡∏£‡∏¥‡∏©‡∏±‡∏ó ‡∏ß‡∏≤‡∏¢‡πÄ‡∏Ñ‡πÄ‡∏Ñ (‡∏õ‡∏£‡∏∞‡πÄ‡∏ó‡∏®‡πÑ‡∏ó‡∏¢) ‡∏à‡∏≥‡∏Å‡∏±‡∏î                                                ,Zinc,13.526488,100.638033,"<a href=""https://www.google.com/maps?q=13.526488,100.638033""     target=""_blank"">üåê</a>"
123,FROZEN FOOD,1014521,‡∏ö‡∏£‡∏¥‡∏©‡∏±‡∏ó ‡∏™.‡∏Ç‡∏≠‡∏ô‡πÅ‡∏Å‡πà‡∏ô‡∏ü‡∏π‡πâ‡∏î‡∏™‡πå                  ‡∏à‡∏≥‡∏Å‡∏±‡∏î (‡∏°‡∏´‡∏≤‡∏ä‡∏ô)                           ,Zinc,13.680306,100.72332,"<a href=""https://www.google.com/maps?q=13.680306,100.72332""     target=""_blank"">üåê</a>"
124,PROCESSED FOOD,1008411,‡∏ö‡∏£‡∏¥‡∏©‡∏±‡∏ó ‡∏™.‡∏Ç‡∏≠‡∏ô‡πÅ‡∏Å‡πà‡∏ô‡∏ü‡∏π‡πâ‡∏î‡∏™‡πå                  ‡∏à‡∏≥‡∏Å‡∏±‡∏î (‡∏°‡∏´‡∏≤‡∏ä‡∏ô)                           ,Zinc,13.680309,100.723322,"<a href=""https://www.google.com/maps?q=13.680309,100.723322""     target=""_blank"">üåê</a>"
125,AUTOMOTIVE PARTS,1002006,‡∏ö‡∏£‡∏¥‡∏©‡∏±‡∏ó ‡∏™‡∏¢‡∏≤‡∏° ‡∏¢‡∏µ‡πÄ‡∏≠‡∏™ ‡πÅ‡∏ö‡∏ï‡πÄ‡∏ï‡∏≠‡∏£‡∏µ‡πà ‡∏à‡∏≥‡∏Å‡∏±‡∏î                                               ,Zinc,13.517128,100.670267,"<a href=""https://www.google.com/maps?q=13.517128,100.670267""     target=""_blank"">üåê</a>"
126,CONSUMER PROD,1007855,‡∏ö‡∏£‡∏¥‡∏©‡∏±‡∏ó ‡∏™‡∏ß‡∏≤‡∏£‡∏≠‡∏ü‡∏™‡∏Å‡∏µ‡πâ ‡πÅ‡∏°‡∏ô‡∏π‡πÅ‡∏ü‡∏Ñ‡πÄ‡∏à‡∏≠‡∏£‡∏¥‡πà‡∏á        (‡∏õ‡∏£‡∏∞‡πÄ‡∏ó‡∏®‡πÑ‡∏ó‡∏¢) ‡∏à‡∏≥‡∏Å‡∏±‡∏î                       ,Zinc,14.252382,100.590297,"<a href=""https://www.google.com/maps?q=14.252382,100.590297""     target=""_blank"">üåê</a>"
127,CONSTRUCT MAT,1002068,‡∏ö‡∏£‡∏¥‡∏©‡∏±‡∏ó ‡∏™‡∏µ‡πÑ‡∏ó‡∏¢‡∏Å‡∏±‡∏ô‡πÑ‡∏ã‡πÄ‡∏û‡πâ‡∏ô‡∏ó‡πå ‡∏à‡∏≥‡∏Å‡∏±‡∏î                                                   ,Zinc,13.63312,100.614168,"<a href=""https://www.google.com/maps?q=13.63312,100.614168""     target=""_blank"">üåê</a>"
128,CAN VEGET & FRUIT,1021660,‡∏ö‡∏£‡∏¥‡∏©‡∏±‡∏ó ‡∏≠‡∏≠‡∏ü‡∏û‡∏¥‡∏°‡∏∏‡∏™ ‡∏à‡∏≥‡∏Å‡∏±‡∏î                                                           ,Zinc,13.796774,100.632667,"<a href=""https://www.google.com/maps?q=13.796774,100.632667""     target=""_blank"">üåê</a>"
129,CONSUMER PROD,1028386,‡∏ö‡∏£‡∏¥‡∏©‡∏±‡∏ó ‡∏≠‡∏≠‡∏ü‡∏ü‡∏¥‡∏®‡πÄ‡∏°‡∏ó ‡πÇ‡∏•‡∏à‡∏¥‡∏™‡∏ï‡∏¥‡∏Å‡∏™‡πå ‡∏à‡∏≥‡∏Å‡∏±‡∏î       (‡∏Ñ‡∏•‡∏±‡∏á‡∏™‡∏∏‡∏ß‡∏¥‡∏ô‡∏ó‡∏ß‡∏á‡∏®‡πå)                        ,Zinc,13.738718,100.932169,"<a href=""https://www.google.com/maps?q=13.738718,100.932169""     target=""_blank"">üåê</a>"
130,PETROLEUM&CHEMICALS,1009424,‡∏ö‡∏£‡∏¥‡∏©‡∏±‡∏ó ‡∏≠‡∏≠‡πÇ‡∏ï‡πÇ‡∏°‡∏ó‡∏µ‡∏ü                        ‡∏Ñ‡∏≠‡∏ô‡∏™‡∏ï‡∏£‡∏±‡∏Ñ‡∏ä‡∏±‡πà‡∏ô ‡∏ã‡∏µ‡πÄ‡∏°‡∏ô‡∏ï‡πå ‡∏à‡∏≥‡∏Å‡∏±‡∏î              ,Zinc,13.552251,100.66705,"<a href=""https://www.google.com/maps?q=13.552251,100.66705""     target=""_blank"">üåê</a>"
131,CONSUMER PROD,1002030,‡∏ö‡∏£‡∏¥‡∏©‡∏±‡∏ó ‡∏≠‡∏±‡∏á‡∏Å‡∏§‡∏©‡∏ï‡∏£‡∏≤‡∏á‡∏π (‡πÅ‡∏≠‡∏•.‡∏û‡∏µ.) ‡∏à‡∏≥‡∏Å‡∏±‡∏î                                              ,Zinc,13.608326,100.648381,"<a href=""https://www.google.com/maps?q=13.608326,100.648381""     target=""_blank"">üåê</a>"
132,FURNITURE & TOYS,1034641,‡∏ö‡∏£‡∏¥‡∏©‡∏±‡∏ó ‡∏≠‡∏¥‡∏Ñ‡∏≤‡πÇ‡∏ô‡πà (‡∏õ‡∏£‡∏∞‡πÄ‡∏ó‡∏®‡πÑ‡∏ó‡∏¢) ‡∏à‡∏≥‡∏Å‡∏±‡∏î                                                ,Zinc,13.643873,100.679074,"<a href=""https://www.google.com/maps?q=13.643873,100.679074""     target=""_blank"">üåê</a>"
133,E_COMMERCE,1034291,‡∏ö‡∏£‡∏¥‡∏©‡∏±‡∏ó ‡∏Æ‡∏≤‡∏ß‡∏µ ‡∏•‡∏≠‡∏à‡∏¥‡∏™‡∏ï‡∏¥‡∏Å‡∏™‡πå (‡∏õ‡∏£‡∏∞‡πÄ‡∏ó‡∏®‡πÑ‡∏ó‡∏¢)      ‡∏à‡∏≥‡∏Å‡∏±‡∏î                                   ,Zinc,13.570393,100.774153,"<a href=""https://www.google.com/maps?q=13.570393,100.774153""     target=""_blank"">üåê</a>"
134,PROCESSED FOOD,1014346,‡∏ö‡∏£‡∏¥‡∏©‡∏±‡∏ó ‡πÄ‡∏Ñ‡∏ã‡∏µ‡∏à‡∏µ ‡∏Ñ‡∏≠‡∏£‡πå‡∏õ‡∏≠‡πÄ‡∏£‡∏ä‡∏±‡πà‡∏ô ‡∏à‡∏≥‡∏Å‡∏±‡∏î        (‡∏°‡∏´‡∏≤‡∏ä‡∏ô)                                 ,Zinc,13.7422849,100.6006843,"<a href=""https://www.google.com/maps?q=13.7422849,100.6006843""     target=""_blank"">üåê</a>"
135,CONSUMER PROD,1017744,‡∏ö‡∏£‡∏¥‡∏©‡∏±‡∏ó ‡πÄ‡∏à ‡∏°‡∏≤‡∏¢‡∏Å‡∏µ‡πâ‡πÑ‡∏ó‡∏¢ ‡∏Å‡∏£‡∏∏‡πä‡∏õ ‡∏à‡∏≥‡∏Å‡∏±‡∏î                                                 ,Zinc,13.618177,100.804201,"<a href=""https://www.google.com/maps?q=13.618177,100.804201""     target=""_blank"">üåê</a>"
136,ELEC APPLIANCE,1008101,‡∏ö‡∏£‡∏¥‡∏©‡∏±‡∏ó ‡πÄ‡∏à.‡πÄ‡∏ó‡∏Ñ ‡∏à‡∏≥‡∏Å‡∏±‡∏î                                                             ,Zinc,13.622906,100.354108,"<a href=""https://www.google.com/maps?q=13.622906,100.354108""     target=""_blank"">üåê</a>"
137,AUTOMOTIVE PARTS,1020434,‡∏ö‡∏£‡∏¥‡∏©‡∏±‡∏ó ‡πÄ‡∏ã‡πá‡∏ô‡∏à‡∏∏ (‡πÑ‡∏ó‡∏¢‡πÅ‡∏•‡∏ô‡∏î‡πå) ‡∏à‡∏≥‡∏Å‡∏±‡∏î                                                  ,Zinc,13.651998,100.541827,"<a href=""https://www.google.com/maps?q=13.651998,100.541827""     target=""_blank"">üåê</a>"
138,ELEC APPLIANCE,1022670,‡∏ö‡∏£‡∏¥‡∏©‡∏±‡∏ó ‡πÄ‡∏ó‡∏Ñ‡πÇ‡∏ô‡∏û‡∏•‡∏≤‡∏™ ‡∏≠‡∏∏‡∏ï‡∏™‡∏≤‡∏´‡∏Å‡∏£‡∏£‡∏°             (‡∏õ‡∏£‡∏∞‡πÄ‡∏ó‡∏®‡πÑ‡∏ó‡∏¢) ‡∏à‡∏≥‡∏Å‡∏±‡∏î                       ,Zinc,13.446823,101.019825,"<a href=""https://www.google.com/maps?q=13.446823,101.019825""     target=""_blank"">üåê</a>"
139,FROZEN FOOD,1027281,‡∏ö‡∏£‡∏¥‡∏©‡∏±‡∏ó ‡πÄ‡∏ü‡∏£‡∏ä‡∏°‡∏µ‡∏ó ‡∏ü‡∏π‡πâ‡∏î ‡πÇ‡∏õ‡∏£‡∏î‡∏±‡∏Å‡∏™‡πå ‡∏à‡∏≥‡∏Å‡∏±‡∏î                                              ,Zinc,13.808327,100.197024,"<a href=""https://www.google.com/maps?q=13.808327,100.197024""     target=""_blank"">üåê</a>"
140,MEDICAL&HEALTHCARE,1029786,‡∏ö‡∏£‡∏¥‡∏©‡∏±‡∏ó ‡πÄ‡∏°‡∏î‡∏¥‡πÇ‡∏õ‡∏£ (‡∏õ‡∏£‡∏∞‡πÄ‡∏ó‡∏®‡πÑ‡∏ó‡∏¢) ‡∏à‡∏≥‡∏Å‡∏±‡∏î                                                ,Zinc,13.565478,100.776132,"<a href=""https://www.google.com/maps?q=13.565478,100.776132""     target=""_blank"">üåê</a>"
141,DAIRY PRODUCT,1029146,‡∏ö‡∏£‡∏¥‡∏©‡∏±‡∏ó ‡πÄ‡∏£‡∏≤‡∏°‡∏µ‡∏ü‡∏π‡πâ‡∏î ‡∏à‡∏≥‡∏Å‡∏±‡∏î                                                          ,Zinc,13.602655,100.905224,"<a href=""https://www.google.com/maps?q=13.602655,100.905224""     target=""_blank"">üåê</a>"
142,CONSUMER PROD,1025941,‡∏ö‡∏£‡∏¥‡∏©‡∏±‡∏ó ‡πÄ‡∏ß‡∏•‡πÄ‡∏ô‡∏™‡∏°‡∏≤‡∏£‡πå‡∏Ñ ‡∏à‡∏≥‡∏Å‡∏±‡∏î                                                        ,Zinc,13.751605,100.547054,"<a href=""https://www.google.com/maps?q=13.751605,100.547054""     target=""_blank"">üåê</a>"
143,CONSUMER PROD,1012416,‡∏ö‡∏£‡∏¥‡∏©‡∏±‡∏ó ‡πÄ‡∏≠-‡∏û‡∏•‡∏±‡∏™ ‡∏ã‡∏±‡∏û‡∏û‡∏•‡∏≤‡∏¢ ‡∏à‡∏≥‡∏Å‡∏±‡∏î                                                    ,Zinc,13.7937102,100.8182896,"<a href=""https://www.google.com/maps?q=13.7937102,100.8182896""     target=""_blank"">üåê</a>"
144,CONSUMER PROD,1036569,‡∏ö‡∏£‡∏¥‡∏©‡∏±‡∏ó ‡πÄ‡∏≠‡∏î‡∏µ‡∏ö‡∏µ ‡∏ã‡∏µ‡πÅ‡∏•‡∏ô‡∏ó‡πå ‡∏à‡∏≥‡∏Å‡∏±‡∏î                                                     ,Zinc,13.55153533,100.6709588,"<a href=""https://www.google.com/maps?q=13.55153533,100.6709588""     target=""_blank"">üåê</a>"
145,CONSUMER PROD,1034056,‡∏ö‡∏£‡∏¥‡∏©‡∏±‡∏ó ‡πÄ‡∏≠‡∏ï‡∏±‡∏ô ‡πÄ‡∏Æ‡πâ‡∏≤‡∏™‡πå ‡∏à‡∏≥‡∏Å‡∏±‡∏î                                                       ,Zinc,13.6941317,100.4833426,"<a href=""https://www.google.com/maps?q=13.6941317,100.4833426""     target=""_blank"">üåê</a>"
146,PETROLEUM&CHEMICALS,1001907,‡∏ö‡∏£‡∏¥‡∏©‡∏±‡∏ó ‡πÄ‡∏≠‡∏™‡πÄ‡∏≠‡∏ü‡∏ã‡∏µ ‡πÄ‡∏≠‡∏Å‡πÄ‡∏ã‡∏•‡πÄ‡∏•‡πâ‡∏ô‡∏ã‡πå ‡∏à‡∏≥‡∏Å‡∏±‡∏î                                              ,Zinc,13.611288,100.554614,"<a href=""https://www.google.com/maps?q=13.611288,100.554614""     target=""_blank"">üåê</a>"
147,PETROLEUM&CHEMICALS,1002066,‡∏ö‡∏£‡∏¥‡∏©‡∏±‡∏ó ‡πÄ‡∏≠‡πÄ‡∏ã‡∏µ‡∏¢‡πÄ‡∏Ñ‡∏ô‡∏î‡∏µ‡πâ ‡πÅ‡∏°‡∏ô‡∏π‡πÅ‡∏ü‡∏Ñ‡πÄ‡∏à‡∏≠‡∏£‡∏¥‡πà‡∏á ‡∏à‡∏≥‡∏Å‡∏±‡∏î                                        ,Zinc,13.552266,100.667066,"<a href=""https://www.google.com/maps?q=13.552266,100.667066""     target=""_blank"">üåê</a>"
148,FROZEN FOOD,1008694,‡∏ö‡∏£‡∏¥‡∏©‡∏±‡∏ó ‡πÄ‡∏≠‡πá‡∏ô.‡∏ö‡∏µ.‡πÅ‡∏ß‡∏•‡∏•‡∏π‡∏•‡∏¥‡∏á‡∏Ñ‡πå ‡∏à‡∏≥‡∏Å‡∏±‡∏î                                                 ,Zinc,13.677415,100.659223,"<a href=""https://www.google.com/maps?q=13.677415,100.659223""     target=""_blank"">üåê</a>"
149,PROCESSED FOOD,1038378,‡∏ö‡∏£‡∏¥‡∏©‡∏±‡∏ó ‡πÄ‡∏≠‡πá‡∏°‡πÄ‡∏Ñ ‡πÄ‡∏£‡∏™‡πÇ‡∏ï‡∏£‡∏≠‡∏á‡∏ï‡πå ‡∏Å‡∏£‡∏∏‡πä‡∏õ          ‡∏à‡∏≥‡∏Å‡∏±‡∏î (‡∏°‡∏´‡∏≤‡∏ä‡∏ô)                           ,Zinc,13.59539015,100.7862901,"<a href=""https://www.google.com/maps?q=13.59539015,100.7862901""     target=""_blank"">üåê</a>"
150,CONSUMER PROD,1002034,‡∏ö‡∏£‡∏¥‡∏©‡∏±‡∏ó ‡πÅ‡∏õ‡∏£‡∏á‡πÑ‡∏ó‡∏¢‡πÅ‡∏´‡πà‡∏á‡πÅ‡∏£‡∏Å ‡∏à‡∏≥‡∏Å‡∏±‡∏î                                                     ,Zinc,13.7367548,100.520554,"<a href=""https://www.google.com/maps?q=13.7367548,100.520554""     target=""_blank"">üåê</a>"
151,CONSUMER PROD,1001783,‡∏ö‡∏£‡∏¥‡∏©‡∏±‡∏ó ‡πÅ‡∏û‡∏Ñ‡πÄ‡∏ã‡∏¥‡∏£‡πå‡∏ü ‡∏à‡∏≥‡∏Å‡∏±‡∏î                                                          ,Zinc,13.768386,100.717975,"<a href=""https://www.google.com/maps?q=13.768386,100.717975""     target=""_blank"">üåê</a>"
152,PROCESSED FOOD,1027129,‡∏ö‡∏£‡∏¥‡∏©‡∏±‡∏ó ‡πÅ‡∏°‡∏Ñ‡πÑ‡∏ó‡∏¢ ‡∏à‡∏≥‡∏Å‡∏±‡∏î                                                             ,Zinc,13.59393,100.761692,"<a href=""https://www.google.com/maps?q=13.59393,100.761692""     target=""_blank"">üåê</a>"
153,RUBBERS,1013738,‡∏ö‡∏£‡∏¥‡∏©‡∏±‡∏ó ‡πÅ‡∏≠‡∏ô‡πÄ‡∏ã‡∏•‡∏•‡πå(‡∏õ‡∏£‡∏∞‡πÄ‡∏ó‡∏®‡πÑ‡∏ó‡∏¢) ‡∏à‡∏≥‡∏Å‡∏±‡∏î                                                ,Zinc,13.733684,100.785436,"<a href=""https://www.google.com/maps?q=13.733684,100.785436""     target=""_blank"">üåê</a>"
154,CONSTRUCT MAT,1011567,‡∏ö‡∏£‡∏¥‡∏©‡∏±‡∏ó ‡πÅ‡∏≠‡πá‡∏î‡∏ß‡∏≤‡∏ô‡∏ã‡πå ‡∏™‡πÄ‡∏ï‡∏ô‡πÄ‡∏•‡∏™‡∏™‡∏ï‡∏µ‡∏• ‡∏à‡∏≥‡∏Å‡∏±‡∏î                                              ,Zinc,13.557089,100.675976,"<a href=""https://www.google.com/maps?q=13.557089,100.675976""     target=""_blank"">üåê</a>"
155,DAIRY PRODUCT,1010763,‡∏ö‡∏£‡∏¥‡∏©‡∏±‡∏ó ‡πÅ‡∏≠‡πä‡∏ö‡∏ö‡∏≠‡∏ï ‡∏•‡∏≤‡∏ö‡∏≠‡πÅ‡∏£‡∏ï‡∏≠‡∏£‡∏µ‡∏™ ‡∏à‡∏≥‡∏Å‡∏±‡∏î                                                ,Zinc,13.725532,100.544426,"<a href=""https://www.google.com/maps?q=13.725532,100.544426""     target=""_blank"">üåê</a>"
156,PROCESSED FOOD,1005373,‡∏ö‡∏£‡∏¥‡∏©‡∏±‡∏ó ‡πÇ‡∏Å‡∏•‡πÇ‡∏ö ‡∏ü‡∏π‡πâ‡∏î‡∏™‡πå ‡∏à‡∏≥‡∏Å‡∏±‡∏î                                                       ,Zinc,13.638338,100.584839,"<a href=""https://www.google.com/maps?q=13.638338,100.584839""     target=""_blank"">üåê</a>"
157,PACKAGING,1034143,‡∏ö‡∏£‡∏¥‡∏©‡∏±‡∏ó ‡πÇ‡∏û‡∏•‡∏µ‡πÄ‡∏ô‡πá‡∏ï ‡∏à‡∏≥‡∏Å‡∏±‡∏î(‡∏°‡∏´‡∏≤‡∏ä‡∏ô)                                                    ,Zinc,13.618836,100.812372,"<a href=""https://www.google.com/maps?q=13.618836,100.812372""     target=""_blank"">üåê</a>"
158,MEDICAL&HEALTHCARE,1001977,‡∏ö‡∏£‡∏¥‡∏©‡∏±‡∏ó ‡πÇ‡∏£‡∏á‡∏á‡∏≤‡∏ô‡πÄ‡∏†‡∏™‡∏±‡∏ä‡∏Å‡∏£‡∏£‡∏°‡πÅ‡∏≠‡∏ï‡πÅ‡∏•‡∏ô‡∏ï‡∏¥‡∏Ñ         ‡∏à‡∏≥‡∏Å‡∏±‡∏î                                   ,Zinc,13.696438,100.605161,"<a href=""https://www.google.com/maps?q=13.696438,100.605161""     target=""_blank"">üåê</a>"
159,AUTOMOTIVE PARTS,1002021,‡∏ö‡∏£‡∏¥‡∏©‡∏±‡∏ó ‡πÑ‡∏ó‡∏¢ ‡πÄ‡∏≠‡πá‡∏ô‡πÄ‡∏ô‡∏≠‡∏£‡πå‡∏à‡∏µ ‡∏™‡πÇ‡∏ï‡πÄ‡∏£‡∏à           ‡πÄ‡∏ó‡∏Ñ‡πÇ‡∏ô‡πÇ‡∏•‡∏¢‡∏µ ‡∏à‡∏≥‡∏Å‡∏±‡∏î (‡∏°‡∏´‡∏≤‡∏ä‡∏ô)                 ,Zinc,13.546577,100.65012,"<a href=""https://www.google.com/maps?q=13.546577,100.65012""     target=""_blank"">üåê</a>"
160,PETROLEUM&CHEMICALS,1007152,‡∏ö‡∏£‡∏¥‡∏©‡∏±‡∏ó ‡πÑ‡∏ó‡∏¢-‡∏Ñ‡∏≤‡πÇ‡∏°‡∏∞ ‡∏à‡∏≥‡∏Å‡∏±‡∏î                                                          ,Zinc,13.55764893,100.7924141,"<a href=""https://www.google.com/maps?q=13.55764893,100.7924141""     target=""_blank"">üåê</a>"
161,AUTOMOTIVE PARTS,1006448,‡∏ö‡∏£‡∏¥‡∏©‡∏±‡∏ó ‡πÑ‡∏ó‡∏¢‡πÄ‡∏ã‡πÄ‡∏ã‡∏ô ‡∏à‡∏≥‡∏Å‡∏±‡∏î                                                           ,Zinc,13.547189,100.660899,"<a href=""https://www.google.com/maps?q=13.547189,100.660899""     target=""_blank"">üåê</a>"
162,AUTOMOTIVE PARTS,1008845,‡∏ö‡∏£‡∏¥‡∏©‡∏±‡∏ó ‡πÑ‡∏ó‡∏¢‡πÇ‡∏ã‡∏•‡πÄ‡∏î‡∏≠‡∏£‡πå ‡∏≠‡∏¥‡∏ô‡∏î‡∏±‡∏™‡∏ï‡∏£‡∏µ            ‡∏à‡∏≥‡∏Å‡∏±‡∏î                                   ,Zinc,13.652234,100.541445,"<a href=""https://www.google.com/maps?q=13.652234,100.541445""     target=""_blank"">üåê</a>"
163,ELEC APPLIANCE,1016211,‡∏ö‡∏£‡∏¥‡∏©‡∏±‡∏ó ‡πÑ‡∏ó‡∏¢‡πÑ‡∏î‡∏°‡∏≠‡∏ô‡∏î‡πå‡πÅ‡∏≠‡∏ô‡∏î‡πå‡∏ã‡∏µ‡∏ö‡∏£‡πâ‡∏≤            ‡∏≠‡∏µ‡πÄ‡∏•‡πá‡∏Ñ‡∏ó‡∏£‡∏¥‡∏Ñ ‡∏à‡∏≥‡∏Å‡∏±‡∏î                        ,Zinc,13.565635,100.940615,"<a href=""https://www.google.com/maps?q=13.565635,100.940615""     target=""_blank"">üåê</a>"
164,MEDICAL&HEALTHCARE,1019061,‡∏ö‡∏£‡∏¥‡∏©‡∏±‡∏ó ‡πÑ‡∏ö‡πÇ‡∏≠‡πÄ‡πÄ‡∏•‡∏õ ‡∏à‡∏≥‡∏Å‡∏±‡∏î                                                           ,Zinc,13.5425883,100.663686,"<a href=""https://www.google.com/maps?q=13.5425883,100.663686""     target=""_blank"">üåê</a>"
165,CONSUMER PROD,1004595,‡∏ö‡∏£‡∏¥‡∏©‡∏±‡∏ó ‡πÑ‡∏û‡∏£‡∏°‡πå‡∏ö‡πä‡∏≠‡∏Å‡∏ã‡πå ‡πÄ‡∏≠‡πá‡∏°‡πÄ‡∏≠‡∏ü‡∏à‡∏µ ‡∏à‡∏≥‡∏Å‡∏±‡∏î                                              ,Zinc,13.63002,100.689739,"<a href=""https://www.google.com/maps?q=13.63002,100.689739""     target=""_blank"">üåê</a>"
166,CONSUMER PROD,1009297,‡∏ö‡∏£‡∏¥‡∏©‡∏±‡∏ó‡∏™‡∏ï‡∏≤‡∏£‡πå‡∏£‡∏¥‡∏ä ‡πÄ‡∏≠‡πá‡∏ô‡πÄ‡∏ï‡∏≠‡∏£‡πå‡πÑ‡∏û‡∏£‡∏™‡πå ‡∏à‡∏≥‡∏Å‡∏±‡∏î                                             ,Zinc,13.727787,100.496527,"<a href=""https://www.google.com/maps?q=13.727787,100.496527""     target=""_blank"">üåê</a>"
167,CONSTRUCT MAT,1009495,‡∏ö‡∏£‡∏¥‡∏©‡∏±‡∏ó‡πÅ‡∏°‡πà‡∏ô‡πâ‡∏≥‡∏™‡πÅ‡∏ï‡∏ô‡πÄ‡∏•‡∏™‡πÑ‡∏ß‡∏£‡πå ‡∏à‡∏≥‡∏Å‡∏±‡∏î           (‡∏°‡∏´‡∏≤‡∏ä‡∏ô)                                 ,Zinc,13.543818,100.785562,"<a href=""https://www.google.com/maps?q=13.543818,100.785562""     target=""_blank"">üåê</a>"
168,FROZEN FOOD,1002135,‡∏´‡πâ‡∏≤‡∏á‡∏´‡∏∏‡πâ‡∏ô‡∏™‡πà‡∏ß‡∏ô‡∏à‡∏≥‡∏Å‡∏±‡∏î ‡∏ó‡πà‡∏≤‡πÄ‡∏£‡∏∑‡∏≠‡∏°‡∏≤‡∏£‡∏µ‡∏ô          ‡πÇ‡∏õ‡∏£‡∏î‡∏±‡∏Ñ‡∏™‡πå                                ,Zinc,13.580672,100.313813,"<a href=""https://www.google.com/maps?q=13.580672,100.313813""     target=""_blank"">üåê</a>"
169,PETROLEUM&CHEMICALS,1010686,‡∏´‡πâ‡∏≤‡∏á‡∏´‡∏∏‡πâ‡∏ô‡∏™‡πà‡∏ß‡∏ô‡∏à‡∏≥‡∏Å‡∏±‡∏î ‡∏ö‡∏µ.‡∏≠‡∏≤‡∏£‡πå.‡πÄ‡∏≠‡∏™.          ‡∏≠‡∏¥‡∏ô‡πÄ‡∏ï‡∏≠‡∏£‡πå‡πÄ‡∏ó‡∏£‡∏î                            ,Zinc,13.6468602,100.2499357,"<a href=""https://www.google.com/maps?q=13.6468602,100.2499357""     target=""_blank"">üåê</a>"
170,PACKAGING,891,"SIAM TOPPAN PACKAGING CO.,LTD.                                                  ",SUB-CONTRACTOR,13.553407,100.656044,"<a href=""https://www.google.com/maps?q=13.553407,100.656044""     target=""_blank"">üåê</a>"
